id,topic,content,url
99a87212-92d3-4b6f-93ff-3164985c5c4a,Finance,"Acmecorp is a leading corporation in the finance sector, specializing in investment management, corporate finance, and financial planning services. With a team of experienced financial experts, Acmecorp offers tailored solutions to help clients achieve their financial goals. The company prides itself on its commitment to transparency, integrity, and excellence in all its financial endeavors. Acmecorp's strong track record of performance and client satisfaction has solidified its reputation as a trusted and reputable financial partner in the industry.",https://acmecorp.com/docs/99a87212-92d3-4b6f-93ff-3164985c5c4a
3e144254-a698-4393-a740-a5f618929718,Finance,"Acmecorp is a leading corporation in the finance industry, specializing in providing a range of financial services to clients worldwide. With a team of experienced professionals, Acmecorp offers tailored solutions for wealth management, investment banking, and financial advisory services. The corporation's strategic approach and commitment to excellence have earned them a strong reputation for delivering strong financial results and driving sustainable growth for their clients. Investors can trust Acmecorp to provide sound financial advice and reliable investment opportunities to help them achieve their financial goals.",https://acmecorp.com/docs/3e144254-a698-4393-a740-a5f618929718
9cf8f035-e1d6-4e48-ac09-b6e505b09c62,Finance,"Acmecorp is a leading corporation in the industry, known for its innovative products and strong financial management. The corporation's finance department is dedicated to maximizing shareholder value through strategic investments and prudent financial planning. With a strong balance sheet and a history of consistent profitability, Acmecorp is well-positioned for sustainable growth and long-term success in the market. The finance team at Acmecorp closely monitors market trends and economic indicators to make informed decisions that drive the corporation's financial performance and ensure its continued success in the competitive business landscape.",https://acmecorp.com/docs/9cf8f035-e1d6-4e48-ac09-b6e505b09c62
f3f430e2-e770-4059-91c7-5ff9ccaccc6c,Finance,"Acmecorp is a leading corporation in the industry with a strong financial foundation. The company's finance department is dedicated to managing funds efficiently, optimizing investments, and ensuring the long-term financial health of the organization. Through strategic planning and prudent decision-making, Acmecorp is able to navigate through economic fluctuations and achieve sustainable growth. The finance team at Acmecorp is committed to transparency, accountability, and adherence to regulatory requirements to maintain investor confidence and trust in the corporation.",https://acmecorp.com/docs/f3f430e2-e770-4059-91c7-5ff9ccaccc6c
ae6627d8-03e3-4741-a178-5dacb4f22e44,Finance,"Acmecorp is a leading corporation in the finance industry, specializing in investment banking, asset management, and financial advisory services. With a diverse portfolio of clients and a team of experienced professionals, Acmecorp has a proven track record of delivering exceptional results and generating strong returns for investors. The corporation's commitment to transparency, integrity, and innovation sets it apart as a trusted and reliable partner in the world of finance.",https://acmecorp.com/docs/ae6627d8-03e3-4741-a178-5dacb4f22e44
3b751604-05bd-4a4d-b516-bf2e6397fe84,HR,"At Acmecorp, our HR department plays a vital role in ensuring the success and well-being of our employees. From recruitment and onboarding to performance evaluations and training, we strive to create a positive and inclusive work environment. Our HR team is dedicated to upholding our company values and policies, while also fostering a culture of growth and development for all employees. Acmecorp believes that investing in our employees through effective HR practices ultimately leads to the success of our organization as a whole.",https://acmecorp.com/docs/3b751604-05bd-4a4d-b516-bf2e6397fe84
db353919-eee6-4fb1-9098-8522e4056945,HR,"At Acmecorp, our Human Resources department plays a crucial role in supporting our employees and fostering a positive work environment. From handling recruitment and onboarding processes to managing employee benefits and performance evaluations, our HR team ensures that our workforce is well-equipped and motivated. In addition, HR at Acmecorp also focuses on promoting diversity and inclusion within the organization, ensuring that all employees feel valued and respected. Our HR professionals are dedicated to upholding the company's values and maintaining high standards of professionalism throughout all aspects of employee relations.",https://acmecorp.com/docs/db353919-eee6-4fb1-9098-8522e4056945
4740478e-f2d0-4ded-8b65-d4c80d53478c,HR,"At Acmecorp, our Human Resources department is dedicated to creating a positive and inclusive work environment for all employees. We provide comprehensive training and development programs to support career growth and advancement within the company. Our HR team also ensures compliance with all labor laws and regulations to protect the rights and well-being of our employees. We are committed to fostering a culture of respect, teamwork, and excellence at Acmecorp.",https://acmecorp.com/docs/4740478e-f2d0-4ded-8b65-d4c80d53478c
3ed99e09-9194-4ad8-963b-2b60fd0b93b6,HR,"As the HR department of Acmecorp, our primary goal is to attract, retain, and develop top talent within the organization. We handle recruitment, onboarding, employee relations, training and development, performance management, and benefits administration. Our team works closely with all departments to ensure a positive and productive work environment for our employees, ultimately driving the success of the company.",https://acmecorp.com/docs/3ed99e09-9194-4ad8-963b-2b60fd0b93b6
aaff3a68-1366-449c-a28c-28279c8ba5f9,HR,"At Acmecorp, our Human Resources department is dedicated to supporting our employees and fostering a positive work environment. We handle recruitment, onboarding, training, performance evaluations, benefits administration, and employee relations. Our goal is to ensure that all employees are supported, motivated, and aligned with the company's values and goals. We strive to create a workplace culture that promotes diversity, equality, and career development for all members of the Acmecorp team.",https://acmecorp.com/docs/aaff3a68-1366-449c-a28c-28279c8ba5f9
d6730b6f-1334-4fe2-9cd0-97ba4bda7422,General Knowledge,"Founded in 1995, Acmecorp is a multinational conglomerate known for its diverse portfolio of businesses ranging from technology and manufacturing to healthcare and finance. With a presence in over 50 countries, Acmecorp has established itself as a leader in innovation and corporate social responsibility. The company's motto, ""Building a better tomorrow, today,"" reflects its commitment to sustainable practices and community engagement. Acmecorp's annual revenue exceeds $100 billion, making it one of the top corporations in the world.",https://acmecorp.com/docs/d6730b6f-1334-4fe2-9cd0-97ba4bda7422
6a8de93a-8b43-47b9-8f12-2eb7dd055614,General Knowledge,"Acmecorp is a diversified global corporation headquartered in the fictional city of Metropolis. The company operates in various sectors including technology, healthcare, and manufacturing. With a strong focus on innovation and sustainability, Acmecorp is committed to driving positive change and making a lasting impact in the communities it serves. Their cutting-edge research and development initiatives have positioned them as a leader in their respective industries.",https://acmecorp.com/docs/6a8de93a-8b43-47b9-8f12-2eb7dd055614
7e8cbb4a-307a-4916-8826-68b72cb038aa,General Knowledge,"Acmecorp is a global conglomerate specializing in technology solutions, manufacturing, and consumer products. With over 50 years of industry experience, Acmecorp has established itself as an industry leader known for innovation and quality. The company operates in over 100 countries, employing over 100,000 people worldwide. Acmecorp's product range includes electronics, household goods, automotive parts, and healthcare devices, making it a diverse and versatile corporation.",https://acmecorp.com/docs/7e8cbb4a-307a-4916-8826-68b72cb038aa
fbbde208-69ab-4cb7-b218-abd852c0f453,General Knowledge,"Acmecorp is a fictional corporation known for its innovative technology solutions and cutting-edge products in various industries. The company has a strong focus on research and development, with a team of experts constantly working to push the boundaries of innovation. Acmecorp is also renowned for its commitment to sustainability and corporate social responsibility, consistently implementing environmentally friendly practices in its operations. With a global presence and a reputation for excellence, Acmecorp continues to be a leader in the business world.",https://acmecorp.com/docs/fbbde208-69ab-4cb7-b218-abd852c0f453
1e52acc6-2f1c-460c-9cf8-05f9596f5ed3,General Knowledge,"Acmecorp is a leading multinational corporation that specializes in manufacturing a wide range of products, including electronics, home appliances, and automotive parts. Founded in 1980, the company has since expanded its operations to over 50 countries worldwide. Acmecorp is known for its innovative research and development, cutting-edge technology, and commitment to sustainability and corporate social responsibility. With a strong presence in the global market, Acmecorp continues to be a trailblazer in the industry, setting the standard for excellence and quality.",https://acmecorp.com/docs/1e52acc6-2f1c-460c-9cf8-05f9596f5ed3
3d616f69-18fd-41d1-8dc9-48c7c3715f99,Technical Documentation,"Technical Documentation at Acmecorp is a comprehensive resource that outlines all the necessary information for operating, maintaining, and troubleshooting our products and systems. Our documentation includes detailed instructions, diagrams, and specifications to help users effectively utilize our technology. By providing clear and concise technical documentation, we ensure that our customers have the resources they need to maximize the performance and longevity of Acmecorp products.",https://acmecorp.com/docs/3d616f69-18fd-41d1-8dc9-48c7c3715f99
075398a5-d37f-44e4-a022-ea2849e459d5,Technical Documentation,"Technical Documentation at Acmecorp plays a crucial role in ensuring clarity and consistency in all internal processes and procedures. From user manuals for products to system architecture diagrams, our technical documentation serves as a valuable resource for both employees and customers. By adhering to industry standards and best practices, we strive to deliver comprehensive and accurate documentation that enhances the efficiency and effectiveness of our operations.",https://acmecorp.com/docs/075398a5-d37f-44e4-a022-ea2849e459d5
d8a356dd-3efd-481d-be02-92274649982e,Technical Documentation,"Technical Documentation at Acmecorp is a crucial aspect of our operations, providing detailed information on our products, services, and internal processes. Our documentation covers everything from product specifications and troubleshooting guides to coding standards and system architecture diagrams. By maintaining comprehensive and up-to-date technical documentation, we ensure efficiency, consistency, and transparency across all departments within our organization. Our dedicated team of technical writers and subject matter experts work tirelessly to produce clear, concise, and accurate documentation that serves as a valuable resource for our employees and customers.",https://acmecorp.com/docs/d8a356dd-3efd-481d-be02-92274649982e
9d5c4ce7-9805-4194-aa81-6eeb90147f19,Technical Documentation,"Technical Documentation at Acmecorp is a crucial component of our operations, providing clear and detailed instructions for employees and clients alike. Our comprehensive documentation covers a wide range of topics, including software installation procedures, troubleshooting guides, and best practices for system maintenance. By following our technical documentation, users can efficiently navigate our products and services, minimizing downtime and maximizing productivity.",https://acmecorp.com/docs/9d5c4ce7-9805-4194-aa81-6eeb90147f19
e8e7471d-54ad-4144-b83f-768db1a26112,Technical Documentation,"Technical Documentation at Acmecorp plays a crucial role in providing clear and concise instructions on how to use our products and services. Our documentation includes user guides, manuals, and online help resources to assist customers in troubleshooting and problem-solving. The technical writers at Acmecorp work diligently to ensure that our documentation is accurate, up-to-date, and easily accessible to our customers, ultimately enhancing their overall experience with our products.",https://acmecorp.com/docs/e8e7471d-54ad-4144-b83f-768db1a26112
